creationTime,userClientShow,userLevelName,productSize,productColor,saleValue,content
2018-04-13 16:55:09,来自京东Android客户端,钻石会员,标准版,宝石蓝,6GB+64GB,耳机插进去没有用，还是一直外放音乐，有点失望哦，请问下啷个解决呢?
2018-04-16 19:53:34,来自京东Android客户端,金牌会员,标准版,宝石蓝,6GB+64GB,耳机插进去没有声音，一直在外放，失望?
2018-04-26 17:14:00,来自京东iPhone客户端,PLUS会员,标准版,宝石蓝,6GB+64GB,"说实话，本来对华为有很大的期待，但是拿到手机之后呢，觉得有点失望:
1.反应速度，我和我老婆的vivo x9做了一下对比，着实让我失望，无论是打开网页，还是软件，又或者是游戏，华为p20都不如x9.
无线网连接速度，连接同一个无线网，我的苹果8的网络速度完胜华为p20，p20打开软件，经常是一直在那里缓冲。经常出现没有网络的情况，提示重试！
3.这个电池的电，和苹果8简直不在一个档次，耗电太快！
      和三星，苹果这样的公司比，华为手机真是让我挺失望的，买过就后悔了！
4.价格偏贵，华为这个手机手机系列，整体手机偏贵，这个手机的性能不值这个价！"
2018-05-02 10:36:08,来自京东Android客户端,银牌会员,标准版,亮黑色,6GB+128GB,"强烈建议大家不要在这里买p20，建议大家去官方实体店买。我将本人亲身体验告诉大家，原因有三:
一、价格都一样；二、实体店购买，现场可以验机；三、京东上买手机如有问题，会磨死人。
本人经历具体如下:
4月23日在此店（华为京东官方店）买的p20，5月1日我发现有个高光点。此店经销商买前很热情，到了发现手机质量有问题前去咨询，鸟都不鸟你（聊天记录、手机高光点见下图）。
一个高光点确实是个小问题，但对于消费者来说谁想花同样的价钱却买个问题机，主要还是担心日后还会不会爆出更多的高光点，更多问题。虽然京东服务无差，有退换货维修等服务，但寄来寄去至少一周（这对于先前手机已恢复出厂设置，准*的我非常不便）。其后我网上查询并致电江西地区实体官方门店电话，其反馈我说，（京东说是说换，其实也就是和你修一修，或者拿其他修好的手机里挑一个给你）虽然他这句话可信度存疑，但是他一句话却让我脑补了一堆画面，至少已经影响了我未来在京东的消费行为，养成买前要三思，而不再是以前冲京东的牌子直接购买。"
2018-04-19 14:54:41,来自京东Android客户端,PLUS会员,标准版,宝石蓝,6GB+128GB,卖了mate10买的这货，拍照mate10强百倍，续航相差不多，屏幕mate10强百倍，听课华为吹的牛逼才买的，买后发现自拍垃圾，前置一般跟三星s7都没得比，屏幕一般，自己看屏幕塑料的边框感觉像是让人用了很多年一样，都怀疑是不是新机了，以后再也不买华为了，真的是华而不实为所欲为。
2018-04-27 14:31:27,来自京东Android客户端,金牌会员,标准版,亮黑色,6GB+64GB,京东太垃圾了，明明没开发票，退货时给我要发票，我压根就没收到发票，从哪给你们。手机电池耗电太快，如不提供发票要扣17%税钱646元，去***的，就没收到发票老子从哪给你，无奈只能不退货了，老子一年在京东买十几万的东西，只要不打电话要发票从来不主动开发票的，这次也一样没开，要退货了给要税票，垃圾
2018-04-26 11:04:03,来自京东Android客户端,银牌会员,标准版,亮黑色,6GB+128GB,"用了12 天，体验真心差。
第一，后台运行的永远关不掉（除非重启），虽然你手动结束了后台运行，但是实际上，它还是在那里耗电占内存，一般用一天运存就达到了80%的程度，怎么降都降不下来，除非重启。
第二，这几天给同学拍毕业照，卡住了，居然卡住了（真心没开其他软件），而且有莫名的歌声从手机里传出来，看了一下，并没有开音乐软件，后来重启才能动，才没声音的，用户体验真心差
第三，现在想退货但是售后并不允许了，因为只有7天无理由退货，14天之内只能换货，但是这款手机给我的体验太差，想退居然退不了！
第四，我开微信聊天居然都还会卡住，显示不了那些微信消息，不是网络原因，只是这台手机真心差，以后不敢信华为了。。。
真心一颗星都不想给"
2018-05-15 23:38:13,来自京东iPhone客户端,银牌会员,标准版,宝石蓝,6GB+64GB,4月28日购买的p20。购买前看到主页显示。赠送6个月的碎屏险。就没有单独购买碎屏险。 谁会知道5月15日 就摔碎了。还在庆幸有碎屏险。 谁知道 联系客服。说我购买的没有赠送。 明明显示购买后赠送。 下单后就取消赠送了。 什么意思。欺骗消费者吗。欺负老百姓 老实吗。 一个月工资才四千多。省吃简用买个手机。京东这样欺骗消费者。太让京东的铁粉们伤心啦。这就是赤裸裸的**。欺骗我们不懂得查看 订单详情。 请问朋友们。你们买了东西后。有多少们会去查看订单详情。有多少人会想到提示赠送的到最后让商家欺骗。商家告诉你 不按主页提示为准。 只针对订单详情。  这样的手段。这样的商家。还能让我们的老百姓相信他们吗。还能把我们的信任托付给他吗。 我希望 我的这个教训能让更多的人看到。 能够在京东买贵重物品的时候 多看多问。 不要再让商家耍心眼。玩套路。欺骗老百姓啦
2018-05-21 17:51:46,来自京东iPhone客户端,银牌会员,标准版,亮黑色,6GB+128GB,手机用了二十二天，在华为应用里下载软件，直接关机，之后就再也开不了机，充电也开不了机，邮寄到华为售后，售后人员说要换主板！！！下载个软件能把主板下载坏？售后人员还说手机有些轻微变形！我想说我买的新手机，没磕过，没碰过，主板换？还变形？这是不是狠严重狠严重的质量问题？我问售后是不是质量问题，售后说是，我说我要求换新机，售后说你给客服联系，客服说按照国家三包规定，不能换新机，我想说，我花几千块钱买个新手机，刚用二十天，你给我换主板，是不是太可笑了？然后我打投诉电话，投诉客服先问我客服怎么说的？我说客服说按国家三包规定，问完之后打电话挂了，说会有人给我联系，好，我等，等到投诉客服给我回电话来，也说按照国家三包规定，我都呵呵呵呵呵了，你这是耍着消费者玩呢？P20才出几天？？？第一批手机都出现这样的质量问题，可想而知以后的？我真是呵呵呵呵了，我能说我这是不是中奖了？真是无语了？问题出来不解决问题，给我在这说国家三包规定了？我不是用了几个月，我才用二十二天！！！真是可笑！可笑！可笑至极&hellip;&hellip;这是我历史以来第一次差评！第一次写了这么多字的差评！！！对于你们解决问题的态度，我已经没办法用语言来表达了！
2018-05-07 20:10:37,来自京东Android客户端,金牌会员,标准版,亮黑色,6GB+128GB,呵呵，本来对华为印象挺好，为支持国产买了，不到七天就降价了，降了好几百，然后说超期不给补差价，前后不到十天啊，就冲这个，再也不买华为，因为这个连带着一起反感这个手机，基本没怎么用过，就自己的体验说一下吧，像素自带美颜，略假，跟x做对比了，还是没有x像素好，比x轻，不知道为什么，上了联通卡信号极差，可能是卡原因吧，抬起自动亮不太灵敏，有时不能识别，所谓超长待机也只能是待机，充满电不怎么玩能用到晚上，稍微多玩儿一点手机电量就不足了，跟苹果耗电量差不多，如果因为这个省电而买的我就不建议了，同事说华为系统一年以后卡得要死，不晓得会不会真那样，因为有两个号码所以多又买一个手机，结果，这过程还真是不愉快，建议大家不过年不过节不要买，掉价太快，一个不留神一身衣服钱就没有了，感觉这个售后，配不上这个品牌，评价的带有主观感情色彩，但所说的每一句绝对是事实
2018-04-16 20:53:10,来自京东Android客户端,PLUS会员,标准版,亮黑色,6GB+128GB,预售的时候显示购机送半年碎屏险，结果没在店里买，选了京东预约。结果现在打客服说，当时没有送碎屏险。无语呀，哪个小伙伴有截图，抵制不要脸的京东。客服还说只显示了优惠，我说哪有优惠呀，她说从9999优惠到4288，你牛。。。
2018-04-14 10:45:29,来自京东iPhone客户端,PLUS会员,标准版,宝石蓝,6GB+64GB,华为质检太垃圾了，后壳玻璃开箱就是带裂痕的，还有几道明显划痕，还卖这么贵
2018-04-15 15:08:12,来自京东Android客户端,银牌会员,标准版,香槟金,6GB+64GB,不知道是不是软件不兼容的问题，大家可以试下刷抖音的时候屏幕被放大，有的字被遮住了，看着特别难受，两个手机同一个视频对比了一下确实是P20有问题。客服和技术部反馈说是抖音软件的问题，不适用华为新系统新屏幕，但是刚出的新品就这样不负责，还一直推脱说是别人的问题，让我去跟他们投诉，作为商家，不想着怎么给客户解决问题，只推脱责任，不重视，那这个新品全是毁了，得到的只是用户的不信任跟抛弃。其他功能还好，目前只发现这个问题，还在踢皮球，没有人解决，京东的物流特别给力。
2018-05-19 01:27:27,来自京东Android客户端,金牌会员,标准版,宝石蓝,6GB+64GB,大半夜睡不着觉 被这破手机气死了 前置摄像头自拍模糊不说 还强制美颜 一大老爷们被折腾得跟个基佬一样  买了这手机后不敢自拍 不敢和人视频 官方每次的优化版本都是优化游戏 拜托 我要是想玩游戏干嘛还买p系列的？ 官方的工程师根本不在意客户体验  然后电池续航特别差 早上出门看看微信 一个小时的路程只剩80的电 不随身带充电器根本没法用 然后底下的指纹键 每次想轻触返回的时候都得特别小心用 多停留一秒就被识别成任务管理器 总之特别后悔买这个手机  本来以为是软件的问题 本着相信华为 以为下一个版本就会解决自拍 耗电 识别灵敏过头的问题 没想到等了三个版本 都是在优化游戏 特别气  想买这个手机的各位 作为一个过来人 真的不推荐买这个手机 基本上就是个半成品  同样的价钱甚至说不用这个价钱 买别的手机都不会有这么糟心的客户体验 为了这破手机给自己的生活添了很多不必要的麻烦 真的是花钱给自己找罪受
2018-04-24 14:42:20,来自京东Android客户端,金牌会员,标准版,亮黑色,6GB+64GB,本人在京东商城看好了nt10，跟客服人员谈好了配置及清单后我直接就买了因为我一直支持华为，相信华为。但是我点了连接下单今天收到货居然是20，于是我跟客服人员联系他说他没错按订单发的货，我说我们聊天记录是10，我是点的连接没看型号。客服直接说是我的问题，我就问了他难道我们聊的是10你给我发个p20你就没审查单子？就不理我了，我今天收到了p20直接了丢了，又买个10但是不在你这里买，就你这样的态度我不想评价。自己去想。
2018-04-17 10:00:57,,银牌会员,标准版,亮黑色,6GB+64GB,全面屏？第一感觉长宽不美观，太长太窄，屏幕太小，整体屏幕还没有人家不是全面屏的大呢?现在起码得是5.99的屏吧？还有太裸。。。用pro的宣传，低配的就弄得这么垃圾啊，别人用过p10的都说，p10和p20有区别吗？回答是没什么太大区别，倒是和pro区别挺大。。。。。。。。。。。。。。
2018-04-16 07:08:19,来自京东Android客户端,PLUS会员,标准版,宝石蓝,6GB+64GB,"盼了好久终于等到12号，第一时间就抢了一部，华为这次让我有点失望。其他的不必多说，和宣传的一样。有一个缺点，通话质量很差，我得是移动信号，打电话有时候对方听不见，有时候断断续续的，但是同是在办公室，别人的手机信号就很好，这种情况出现了好几次了。我前一部手机用的是荣耀，没出现过这个问题。
还有，不是增电话卡麽，是不是收到货后就不能申请了？
联系客服也不会答。
总之，失望！！！！"
2018-04-13 14:18:03,来自京东Android客户端,PLUS会员,标准版,亮黑色,6GB+64GB,性价比一般般，跑分就这个水准。比某米贵*，分比人家低7万。系统也没人家优化的好。无奈买不到某米，只能退而求其次了。
2018-04-14 00:09:40,来自京东iPhone客户端,金牌会员,标准版,宝石蓝,6GB+64GB,摄像头太歪了，偏一点也就算了，偏这么多这做工也太糙了点，当初p9就是阴阳屏换了两次，麻烦死了，这次实在不想换了，哎
2018-04-24 10:03:53,,银牌会员,标准版,亮黑色,6GB+64GB,手机没的说用了3天感觉比较好！但是对京东某些比较失望，我解释一下下图。第一张图是买手机附送的电信卡里面的活动内容，最后两个步骤说直白点就是，首次充钱后领取礼包然后送一个一年的屏保碎险。注意领取礼包后7天之内需要交资料不然作废！但是小弟按步骤充值了领取礼包了，到了第4部该交屏保资料了，可恶的京东宝宝又让我回到第三部让我先领礼包，大家可以看时间，第二张图时间是9.31分短信提示我在12分钟前已经领取了礼包， 第三张图时间9.32分我在操作这个步骤时，说我先领礼包，有图有真相我明明已经领取了！现在我想问京东到底能不能承担起那份碎屏险！！不能这样骗炮吧！
2018-05-16 16:39:44,来自京东Android客户端,PLUS会员,标准版,宝石蓝,6GB+64GB,"优点：1，拍照确实强大，特别是夜景和逆光。如果是冲拍照去的，绝对值得入手。
      2，充电块，不用90分钟就可以充好。
      3，发热控制的非常不错，比小米好太多。
缺点：1，屏幕底部发黄，我应该是中奖了，这是我最不能忍受的。接近4000块的手机，屏幕还这样。
      2，系统优化得不好，基本上2，3天就会出现几次卡机的现象。
      3，木有3.5mm耳机插口，充电的时候就不能听歌
      4，EMUI还是比MIUI差，不够人性化。来电铃声没有渐来渐响功能。灭屏状态下没有启动手电筒功能。主页下滑不能出现菜单，等等等等等。真的还需要努力。"
2018-04-25 09:23:33,来自京东Android客户端,金牌会员,标准版,亮黑色,6GB+64GB,16号买的，17号到的货，用到今天是第九天，刚开始用的还不错，现在看两个半小时电影手机就没电了，而且在昨天还出现在手机卡读不出来的情况，我是两个手机号，联通的卡读得出来，移动卡读不出来，后来重启好了，今天早上起来又出现了移动卡读不出来的情况，然后重启也没用，我就拿我朋友的移动卡试了一下，也读不出来，但是单卡就读得出来，双卡直读的出来联通卡，我把两张移动卡都上去试了一下，都读不出来，然后没办法，重启了五六次，移动卡才读出来，找客服，半天不理人，都说要支持国产，就这个质量，唉不想说了！
2018-05-13 20:15:02,来自京东Android客户端,银牌会员,标准版,樱粉金,6GB+64GB,一开始挺满意的，但是用了三天，第四天上课的时候拍照，相机黑屏，打开就是纯黑，呵呵，重启之后好了，找客服，客服说重启后没问题就是没问题，呵呵。还有，一开始就想买极光色，结果p20没有，这几天出了，呵呵，华为，亏我还是你的粉丝，大学手机都是你家的。京东也是呵呵哒。那个白条分期，一开始利率是0.4％，当我注册白条以后，利率变成了1.0％，呵呵哒，一星都不想给。比荣耀和10贵一千，结果哪里都差不多，我也是醉了。同学说的没错，最近不要买华为，华为太骄傲了，，呵呵呵呵。气死我了。还有快递包装，就是手机盒外面套了一个京东的塑料袋。我也是醉了。最近才知道七天之内可以免费退换货，客服不和我说，我也不知道，醉了。还有电池，一小时10％的电。
2018-04-19 16:14:28,来自京东Android客户端,银牌会员,标准版,宝石蓝,6GB+64GB,首先呢，后置摄像头设计不好，竟然可以看到里面的电子元件，而且，玩儿游戏也卡，画质不够清楚，外放声音真的无力吐槽，机型外观还好，就是不值这个价格
2018-04-19 13:13:33,来自京东Android客户端,PLUS会员,标准版,宝石蓝,6GB+128GB,4月13 日买的，部分时间段没货，也是关注了挺长时间才下的手，本来想买mate10 pro，还是觉得新品有新技术还是选新品吧，人脸识别挺快的，锁屏时拿起手机就解锁了，手机选6+128的，运行很快，一般都有3g左右的剩余内存，电量一般，一天也够用了。总体挺不错的，其实还是觉得p20 pro好，当天就是抢不到。当时担心6寸太大 其实是顾虑太大了。
2018-04-17 13:39:21,来自京东Android客户端,金牌会员,标准版,宝石蓝,6GB+64GB,**手机，电池电量只能用到2%，充电也是从2%开始充的，售后技术部的爱理不理，说这是正常情况为了保护电池的，如果这是正常现象还要设计100%的电池干嘛？还无缘无故的重新启动了2次，新买的手机会这个样子？*的华为水军，为所欲为，华而不实，想说爱国真的不容易，！
2018-05-26 14:20:33,来自京东Android客户端,钻石会员,标准版,亮黑色,6GB+64GB,拍照效果确实不错，黑色外观和手感也行，就是厚了点，窄下巴前置指纹+刘海可以完美隐藏的设计值得大赞。但是，屏幕有致命缺陷，上半部分屏幕有明显横纹，整个屏幕显示偏黄，而且不均匀（左下方比较偏黄，阴阳屏），不管怎么调都无法正常显示，在白色背景下和正常手机屏幕对比很明显（估计目前大部分都这样，运气好的可能阴阳屏没那么严重，但横纹肯定有）。旗舰机屏幕不应该有有这种问题，不然你凭什么比类似硬件配置的小米、OPPO、VIVO贵？华为的品控太差了，虽然颜值不错，但屏幕确实太差了。
2018-05-02 09:44:33,来自京东iPhone客户端,金牌会员,标准版,宝石蓝,6GB+128GB,"阴阳屏，四千多买个膈应人的手机，难道华为觉得阴阳屏是正常的？？
另外包装内就是手机盒子，一点泡沫塑料缓冲啥的材料都没有"
2018-04-13 20:28:31,来自京东iPhone客户端,金牌会员,标准版,宝石蓝,6GB+64GB,"其他还好两个缺点不好
屏幕阴阳屏严重！特别严重！上面白下面黄！
语音助手不够人性化！"
2018-05-20 14:11:45,来自京东Android客户端,金牌会员,标准版,樱粉金,6GB+128GB,质量差到极致的破手机，想说换手机支持一下国产，结果新手机，换卡。卡槽拉不出来，拉出来的时候已经变形了。这种质量！？到底是华为质量差！！！还是京东卖假手机！！！
2018-04-21 08:23:41,来自京东iPhone客户端,银牌会员,标准版,亮黑色,6GB+64GB,请大家不要上当受骗，电池不耐用，打游戏非常卡，就是说看网络电视也是非常卡。退货也非常慢，还和苹果比，华为真是脑子有毛病
2018-04-13 19:15:27,来自京东Android客户端,钻石会员,标准版,宝石蓝,6GB+64GB,这就是你们说的，一天充一次。我今天都冲两次了，本来一星都不想给，看在下这么大的雨，快递小哥还准时送到，勉强给一星
2018-04-17 22:51:09,,金牌会员,标准版,亮黑色,6GB+64GB,电池不耐用，卡顿；品控太差劲，屏幕低端发黄，与宣传极其不符；垃圾，还比不上以前的旧手机。
2018-05-25 11:26:51,来自京东Android客户端,钻石会员,标准版,亮黑色,6GB+64GB,8号买的，前几天忽然上不了网，重启一下好了，没在意，今天早上忽然指纹识别物理按键坏了，返回、回到主菜单这些功能都没反应，指纹识别也没反应，只有重启当时能用，过了一分钟又不好用，恢复出厂设置也没好，联系客服说修复系统试试，试过之后还是没反应，没办法联系售后，悲剧的是今天是第十七天，只能修，不能换，四千来块的手机用了17天就要拆机了。以前用过麦芒，荣耀畅玩，荣耀8，觉得华为质量不错才买的，没想到这次买个贵的反而中奖了&hellip;&hellip;客服态度不错，质量&hellip;&hellip;呵呵哒
2018-04-18 22:42:50,来自京东Android客户端,金牌会员,标准版,亮黑色,6GB+128GB,玩吃鸡卡得要死，不知道是什么问题，反正不是我自身问题，不要跟我说要清什么清什么的，都假的很。希望能来点实在的，把打游戏卡顿的情况处理一下?
2018-05-02 11:38:15,来自京东Android客户端,银牌会员,标准版,亮黑色,6GB+64GB,买了有两天了，用起来是没问题。但是玩游戏真的不行。。也不知道是这～970的GPU问题，还是因为控温限制问题，掉帧严重反正只要玩游戏画面就不流畅。完全体验不到这款处理器的强大。现在有点后悔一时冲动买了这手机。玩游戏真不适合。三千多买台小米旗舰都可以秒杀华为全部手机了。
2018-04-17 15:52:58,来自京东Android客户端,银牌会员,标准版,香槟金,6GB+64GB,电池早上七点出门是百分之90多，然后到中午十一点电量不足二十。我也是醉了。然后客服服务真的很差。发消息都不会回我。   要不是小米买不到，真的就没有考虑华为   ，第一次买很让我失望。
2018-05-07 16:35:26,来自京东Android客户端,金牌会员,标准版,亮黑色,6GB+64GB,发货是快，要不是买不到小米真不会买华为，其他方面真是一般般，满世界的吹嘘，其实用户心里才是最真实的，没有对比就没有伤害，但是不能欺骗消费者，就算关了可以省电的也是不耐电，客服不用忽悠我，我特地专门上网查了，贴吧也看了，能省点的都关了，但是心里还是不爽，花了钱感觉不值得，要不是确认收获了，我真退货，请问还可以退货吗？
2018-05-28 17:48:10,来自京东Android客户端,银牌会员,标准版,极光色,6GB+128GB,用这样的袋子装  我很不满意  袋子还是开的  很差
2018-04-18 16:17:10,来自京东Android客户端,金牌会员,标准版,亮黑色,6GB+64GB,手机算可以     一星是给京东客服的    包装简陋      本来该一天就到    客服都把责任乱推     有说一天到的     有说一天半到的       还有说一到三天到的
2018-05-17 14:26:28,来自京东Android客户端,银牌会员,标准版,樱粉金,6GB+64GB,手机拿过来就有很多问题，卡屏不说，接通电话半天没声音，最严重的还是后面才发现手机音响有一边是坏的，好气人，要求退换说过了退换时间，只能维修，花了三千多刚买来二十天左右的手机就出现这么多问题，这难道不是欺骗消费者吗？问客服，客服说会打电话给我处理此事，结果等了好几天都没有反馈一个电话，一直很信任京东，现在都不想再买京东的东西了，大骗纸(?&oline;?^&oline;??) 嫌弃你
2018-05-19 20:17:29,来自京东Android客户端,PLUS会员,标准版,宝石蓝,6GB+64GB,出于支持国货，买了台玩玩，没几天就无缘无故多次死机，屏幕多次触摸操控失灵，指纹健的设计操作矛盾。。。不是我这唯一，一起购买的朋友，死机直接黑屏了还要。。。爱国，我容易吗，哎，和水果机价格差不多，质量隔着万里长城的距离。争气吧，华为！！！支持国货的心有的，但是你也要支持国民的口袋，出良心货！
2018-05-12 10:06:31,来自京东Android客户端,金牌会员,标准版,亮黑色,6GB+128GB,以前一直很喜欢华为，也经常跟同事推荐华为机器质量技术好，但是这次购买的p20真的是太差劲了，真心不希望想购买的再入手。  首先刚买的机器充满电，啥便浏览下，不到6小时左右居然就没电了（屏幕亮度已经设置为20%了），然后这内存显示6g个，真正给你用的还是1g，一个系统加桌面居然就用掉3个g，再加一些系统软件，完全就是没有增加内存，实在是坑害消费者。
2018-04-30 21:07:13,来自京东Android客户端,金牌会员,标准版,香槟金,6GB+128GB,用了几天了，电池超不耐用。像素还算可以，店家服务态度极不满意，用个词形容&ldquo;傲慢&rdquo;冷漠，联系商家总是不回复，我都不知道还要那客服有什么用。除了系统自动发信息外，很少回复的。
2018-04-27 13:32:43,来自京东iPhone客户端,钻石会员,标准版,亮黑色,6GB+64GB,我不知道是不是其他人也一样，手机音量键和开关键非常松动，摇手机的时候还能听到按键晃动的声音，提出售后要求换机，京东来电话说手机没问题，但会给我换机。今天收到货，明显还是我退回的那台，按键还是松动的，手机背面膜还是脏的，屏幕上的膜还是黏的，你京东如果说华为新机就是这样的，那我无话可说。
2018-04-26 10:49:21,来自京东Android客户端,金牌会员,标准版,宝石蓝,6GB+128GB,耗电很快，真心还没我p9待机长
2018-04-15 09:47:24,来自京东Android客户端,金牌会员,标准版,宝石蓝,6GB+64GB,手机非常好，但是我一台应该有点问题，音响孔只有一个有声音，而且相机那里有一道裂缝，咨询了客服没有回复，我希望可以换货
2018-04-19 13:11:31,来自微信购物,银牌会员,标准版,宝石蓝,6GB+128GB,买了好几天了  今天用了下导航  手机严重发热  手都不敢摸了 比小米发热还厉害  不建议购买
2018-05-07 18:13:25,来自京东Android客户端,金牌会员,标准版,亮黑色,6GB+64GB,我本来就想试一下这款手机跟小米mix2s，看到是无理由退货才下单买的。才到一天放在口袋都不敢跟金属类物品接触，第二天去退货就发现通话口有这样的划痕就无法退了，我真是醉了，我是真没咋用，唉，劝各位还是把钱花在小米mix2s上吧。
2018-05-14 22:11:09,来自京东Android客户端,钻石会员,标准版,亮黑色,6GB+128GB,我是看到华为推广云电脑的宣传，可以用云电脑，才买的p20，现在买到手了，发现云电脑需要申请邀请码才能用，昨天申请了，到现在也没收到邀请码，我可以直接购买使用云电脑，为什么不开放购买？如果不能使用云电脑，我会考虑退货，请售后看到转告，此举涉嫌欺诈宣传
2018-05-10 12:26:58,来自京东Android客户端,PLUS会员,标准版,亮黑色,6GB+64GB,对于P20来讲，3788这个价位真的非常不值，本来想买个宣传成大神级的低配，可是这和4000像素，三摄像头徕卡完全不搭边，宣传的是pro啊，那么这款不带pro的是什么鬼？就是个2999元价位的国产机，。真的很失望
2018-04-23 20:50:49,来自京东Android客户端,银牌会员,标准版,宝石蓝,6GB+128GB,一颗星都不想给，我总觉得我的手机铃声低，要不是同事帮我测试我都发现不了左边的喇叭竟然没有声音，大家高兴之于还是检查一下自己的手机吧
2018-05-15 23:02:05,,银牌会员,标准版,亮黑色,6GB+64GB,使用几天后陆续出现过几次屏幕卡死，屏幕不受控制问题，强制重启几次后正常，当时也没在意，一个月后这种情况再次发生了，屏幕完全不受控制，会自动启动APP，自己闪跳，无论怎么重启关机都没用，真是无语了这手机，太垃圾了，体验感糟糕透顶。
2018-04-26 11:15:53,,金牌会员,标准版,香槟金,6GB+128GB,京东服务让人无语，因为颜色取消了订单，然后要求配送，客服反复内部确认告诉我无法送货，让我重新下单，然后又送货了，折腾了十多个电话，拜托能不能专业一点。
2018-04-25 22:02:33,来自京东Android客户端,金牌会员,标准版,宝石蓝,6GB+64GB,对于当下很便捷的支付，华为的手机居然不支持微信指纹支付。真的很难理解，国产机器居然这么狗，外来机居然都可以了。垃。。圾然不让打，京东也是#。
2018-05-20 18:38:26,来自京东Android客户端,金牌会员,标准版,亮黑色,6GB+64GB,说实话一分都不想给，第一次用华为也是最后一部华为，差到爆，看抖音，糗事百科都卡，卡到怀疑人生，打王者就更不用说了，分分钟460真的徒有虚名，虎门镇中心，不存在信号差，同等无线网下，米5就可以秒杀它！伤心
2018-05-20 23:27:01,来自京东Android客户端,金牌会员,标准版,樱粉金,6GB+64GB,不得不说，这是我用过最烂的一款手机，待机只有一天一夜，玩手游居然会卡退，看网页广告无法过滤，操作也很不舒服，虽然不卡，但经常会出现操作上的bug。我用华为三年了，从p8开始，mate9.荣耀9每一个给我的感觉都非常好，但这款，太让人失望了
2018-05-10 23:31:53,来自京东Android客户端,PLUS会员,标准版,宝石蓝,6GB+128GB,只能说外观还行吧，手机确实有点坑 ，好多应用都只能强制用华为自己帐号，之前用其他品牌的手机玩游戏的建议就不要买了，因为买了只要开机就不能退换了，电池也就那样待机时间短也就那样
2018-04-21 20:48:23,来自京东iPhone客户端,钻石会员,标准版,亮黑色,6GB+64GB,以前给父亲买的华为挺好的，这次买一个好点的P20，系统简直#，接听电话有防触控模式也没有关闭按钮，s..B设计工程师
2018-05-23 16:33:33,来自京东Android客户端,PLUS会员,标准版,亮黑色,6GB+128GB,第一次买华为，不知道会自带手机膜和壳。我多花50买的壳膜套餐，收到的壳和膜还没自带的好，最可恨的是，收到后过了几天就搞活动降价了，可买套餐不能保价！里外里亏了200多，气死我了！
2018-05-08 18:19:32,来自京东Android客户端,银牌会员,标准版,亮黑色,6GB+64GB,前天买的刚刚1点充电的时候放歌放个一首不放了 放的时候还卡了两下 太困也没看 刚刚起床还是那么多电还死机了屏幕一直亮着手机非常烫 怪好没有炸 是不是该给客户交代呢？？？？
2018-04-30 21:35:04,来自京东Android客户端,PLUS会员,标准版,亮黑色,6GB+64GB,刚收到，手机不错，但京东工作人员的工作态度有问题，我的手机膜居然刮花了，还有压痕，只好自己去重贴一张膜，这是在京东购物最不爽的一次。我可以怀疑手机是别人退货的问题机吗？
2018-05-24 20:54:43,来自京东Android客户端,银牌会员,标准版,宝石蓝,6GB+64GB,我感觉这不是原装的，两摄像头偏上，像是维修过的机子！希望给个满意的答复！
2018-05-19 21:16:20,来自京东iPhone客户端,钻石会员,标准版,樱粉金,6GB+64GB,这个手机外观真的很好，但是机器性能真的好差，吃鸡卡的一比，拿个@啪啪啪，转头换@，等了三秒发现对方挂了，远战都卡，不说近战了。iphone6s比这个便宜几百块，吃鸡却流畅很多。擦亮眼睛
2018-05-10 00:53:52,来自京东Android客户端,金牌会员,标准版,亮黑色,6GB+64GB,手机是好手机，但是这个包装要吐槽一下，为什么手机在盒子里面没有固定，我昨天晚上下的单，今天就到了，很激动，结果手机盒一打开手机就掉地上，手机边缘都给磕花了，心情一下就不开心了
2018-05-25 19:21:47,来自京东iPhone客户端,钻石会员,标准版,宝石蓝,6GB+64GB,"非常糟糕的体验，经过mate10和p20之后,彻底粉转黑，这台机子碰到通话杂音，发热巨大的问题，从此是路人，手上的华为坏了再也不会买了，连我的华为电信定制机都比不上。申请退货退款了。无爱。"
2018-05-02 13:47:54,来自京东Android客户端,金牌会员,标准版,亮黑色,6GB+64GB,一星都不想给，但只能给一个，前天买到，登录微信，玩个小程序游戏，微信自动重启一整天都这样，返回界面卡顿延迟？截图失效，买了好几部华为，从都没这样过，非常非常失望，
2018-05-19 14:01:12,来自京东iPhone客户端,银牌会员,标准版,宝石蓝,6GB+64GB,包装是小米的 收件人另有其人 到底包装盒内小米还是我的华为
2018-05-21 13:48:57,来自京东iPhone客户端,金牌会员,标准版,宝石蓝,6GB+64GB,手机用了几天就出现闪屏，去特约授权点检测是液晶屏故障，果断换货，如果不是超出7天的话要退款的，很失望啊，华为的硬件故障还是蛮多的，坐在维修网点的半个小时就来了三个用户检测手机故障！
2018-04-15 23:03:46,来自京东Android客户端,PLUS会员,标准版,宝石蓝,6GB+64GB,指纹收集器，还有新耳机漏电 超级快充改超级外漏？！
2018-05-28 12:18:42,来自京东Android客户端,金牌会员,标准版,亮黑色,6GB+64GB,后悔花这么多钱买个华为，真的不如小米，这才多久啊就卡的要死，发烫也严重，打着爱国的旗号就这种质量啊，以后再不买华为。后悔死了，希望要买的好好斟酌。这是我的使用心得。
2018-04-29 21:35:51,来自京东Android客户端,银牌会员,标准版,樱粉金,6GB+64GB,京东服务很好的啦，物流超快的啦，手机这个锅京东是背定的啦，充电一分钟，暖手半小时的啦，冬天出门取暖神器的啦，地图软件开启两秒钟，GPS定位&hellip;&hellip;等一下？定位？不存在的，地图说它无法定位，再开也说无法定位，最后再开一次说定位？这辈子都不可能定位的啦。最后一百度就全明白了啦
2018-04-24 00:37:05,来自京东Android客户端,PLUS会员,标准版,亮黑色,6GB+64GB,打电话对面的听不到我说话，申请换货了，希望换了之后不会让我失望吧。
2018-05-23 18:27:41,来自微信购物,银牌会员,标准版,亮黑色,6GB+64GB,手机音质太差，经常是忙音，而且再接听电话的时候声音断断续续的，真怀疑是不是坏手机修了之后寄出来的，看到那么多好评我才买的，结果却是这样，黑店，
2018-05-25 17:53:10,来自京东Android客户端,金牌会员,标准版,亮黑色,6GB+64GB,**京东   返厂货
2018-05-07 12:27:30,来自京东Android客户端,PLUS会员,标准版,亮黑色,6GB+64GB,手机的电量消耗太快了
2018-05-14 17:17:04,来自京东Android客户端,银牌会员,标准版,亮黑色,6GB+64GB,打游戏的话就不要选择这个手机了，讲真游戏体验极差，打王者荣耀超级不舒服，吃鸡的话一会手机就烫个跟个暖宝宝一样。嗯，就打游戏特别差劲。
2018-05-26 09:51:03,来自京东iPhone客户端,金牌会员,标准版,极光色,6GB+128GB,前置摄像头，强制美颜！美颜等级设置为零时也磨皮发白的厉害，简直无法直视！作为相机无法拍出真实的人像，此设计太失败，太失败！
2018-05-05 15:56:36,来自京东Android客户端,银牌会员,标准版,亮黑色,6GB+64GB,这么说吧！不值  我说真的后台应用打开三个就杀死一个  玩吃鸡还闪退  要不是等不上抢不上某米谁买这玩意儿  真的是糟蹋钱
2018-05-21 13:25:57,来自京东Android客户端,PLUS会员,标准版,宝石蓝,6GB+64GB,没买的时候感觉选择p20应该错不了，到手了以后很后悔还不如多加几百块钱买个三星s8  这电话用着太恶心了，
2018-05-05 09:30:03,来自京东Android客户端,金牌会员,标准版,亮黑色,6GB+64GB,4号问客服5号华为p20有活动有优惠么？客服说没有，结果东西还没收到就说送半年的碎屏保险。我又不是不买你至于骗我么？
2018-05-21 16:05:19,来自京东Android客户端,钻石会员,标准版,香槟金,6GB+128GB,这款手机不值得购买，最起码不适合男性使用，什么手感啊，也不好看，不如以前用的麦芒和畅玩。。。。购买需谨慎，毕竟也不少钱呢。
2018-05-22 15:58:23,来自京东iPhone客户端,金牌会员,标准版,极光色,6GB+128GB,很大嫌疑翻新机，21号下单有十号下载记录。找客服居然告诉我随机抽取拨测，马上打电话给华为，华为客服告诉我出厂没有什么拨测。
2018-05-24 00:48:19,来自京东Android客户端,PLUS会员,标准版,亮黑色,6GB+128GB,"一般   机子没用多长时间就开始卡了    唉     太一般了   
真不敢想以后会不会越来越卡"
2018-05-20 22:02:59,来自微信购物,金牌会员,标准版,香槟金,6GB+64GB,耗电太快了 不打游戏不看视频听歌 用的时候才开网 只能半天 所有都开的省电模式都不敢怎么用 拿去检测说这是正常的 唉
2018-05-27 09:41:09,来自京东Android客户端,PLUS会员,标准版,宝石蓝,6GB+64GB,破手机 15天没到就卡  过了15天又卡又弹出程序  要求换货  没人搭理  破客服 垃圾手机
2018-05-16 16:02:22,来自京东Android客户端,金牌会员,标准版,亮黑色,6GB+64GB,钢化膜装上以后触摸相当不好用，不是膜的问题，就是屏幕的事，#了，滑动图片半天没有反应，跟老诺基亚那会的屏幕一样
2018-05-21 20:47:28,来自京东Android客户端,PLUS会员,标准版,宝石蓝,6GB+64GB,电池续航很失望，非常失望，不玩游戏不看电影，正常使用就半天，续航体验甚至不及三星note5。
2018-05-21 23:29:45,来自京东Android客户端,金牌会员,标准版,宝石蓝,6GB+128GB,一星都不想给，后悔了，各种各样的问题，都没有解决，要不是原厂膜坏了，我早退了，快递包装也好垃圾，都挤爆了。无语
2018-05-23 20:14:43,来自京东Android客户端,金牌会员,标准版,亮黑色,6GB+128GB,只能说越来越差劲?了，现在只注重相机和拍照了，关键是把跟相机相协调的相册功能也做好呀，其他功能越来差劲～
2018-05-28 13:52:28,来自京东Android客户端,银牌会员,标准版,亮黑色,6GB+64GB,手机用了不到一个月卡死了一次，打王者荣耀还不停的的闪屏，客服给了个检测的地址还不对，我想骂街，京东啊京东
2018-05-28 18:53:58,来自京东Android客户端,PLUS会员,标准版,樱粉金,6GB+64GB,"才用了20天屏幕 变成花屏 闪屏 一直闪
用不了
京东的答复是过了15天换不了"
2018-05-24 19:05:04,来自京东Android客户端,金牌会员,标准版,亮黑色,6GB+64GB,之前买的荣耀10一个多星期home键直接失灵不能使用了，又不能换货。现在再考虑要不要把p20退掉
2018-05-27 12:27:22,来自京东Android客户端,金牌会员,标准版,亮黑色,6GB+64GB,一直用三星noet，本着换换口味支持一下国货吧，不是一般的糟。根本不值这价，最多值2000元。
2018-05-27 22:00:56,来自京东Android客户端,银牌会员,标准版,宝石蓝,6GB+64GB,"手机后摄像头有划痕
跑步软件gps定位非常不准，我一公里跑一个小时？
就这样吧，不想说话。"
2018-05-23 22:16:04,来自京东Android客户端,金牌会员,标准版,亮黑色,6GB+64GB,不是我黑它 买了一个月玩吃鸡卡黑屏两次！！！从来没遇到过！我是真的服，决赛圈给我搞这个
2018-05-11 23:17:22,来自京东Android客户端,金牌会员,标准版,宝石蓝,6GB+64GB,除了拍照其他都是垃圾，玩游戏闪退，卡屏，充电屏幕失灵，大家千万别买，真的坑
2018-05-25 23:25:30,来自京东Android客户端,金牌会员,标准版,亮黑色,6GB+64GB,我不知道这评价是刷出来的还是怎么回事！亏我那么信任京东！第一天用就一卡一卡的！
2018-05-28 16:37:45,来自京东Android客户端,银牌会员,标准版,亮黑色,6GB+64GB,屏幕自带保护膜很脏、手机充电接口内插片有弯曲使用痕迹，要求退换客服不予处理
2018-05-26 00:26:06,来自京东Android客户端,银牌会员,标准版,亮黑色,6GB+64GB,"手机没怎么玩就发热，电池不行，第一次用华为就给个这，




一星都不想给"
2018-05-21 10:33:28,来自京东Android客户端,金牌会员,标准版,亮黑色,6GB+128GB,手机wifi连接不上，问客服也什么都不懂，手机本事还不错，就是客服沙币
2018-04-21 12:41:09,,钻石会员,标准版,亮黑色,6GB+64GB,整体就是感觉容易发烫
2018-05-25 07:01:21,来自京东Android客户端,PLUS会员,标准版,极光色,6GB+64GB,不是全屏，而且机身在使用和充电过程中容易发烫
2018-05-27 23:01:27,,金牌会员,标准版,亮黑色,6GB+64GB,这才用了一个半月，手机已经卡的不行了，华为啊华为，咋支持你
2018-05-20 15:16:57,来自京东Android客户端,银牌会员,标准版,亮黑色,6GB+64GB,稀烂，电池我就不说了，音量忽大忽小的，打字都会卡
2018-05-28 08:38:25,来自京东Android客户端,金牌会员,标准版,宝石蓝,6GB+64GB,微信卡到你没脾气。不知道是手机问题还是版本问题，
2018-05-23 17:08:56,来自京东Android客户端,PLUS会员,标准版,樱粉金,6GB+128GB,对自营这东西简直不想说话。
2018-05-24 00:19:34,来自京东Android客户端,金牌会员,标准版,宝石蓝,6GB+64GB,屏幕乱转，亮度自动乱调。关闭自动调节屁用没有
2018-05-21 10:28:00,来自京东Android客户端,银牌会员,标准版,极光色,6GB+64GB,什么东西都不带。除了耳机充电器 一个破塑料壳
2018-05-21 09:51:59,来自京东Android客户端,金牌会员,标准版,宝石蓝,6GB+64GB,卡死了，玩游戏基本玩不了，不知道能不能退了。
2018-05-27 21:33:35,来自微信购物,银牌会员,标准版,樱粉金,6GB+64GB,手机耗电量太大了，一天至少充两次电，
2018-05-26 12:12:29,来自京东Android客户端,金牌会员,标准版,亮黑色,6GB+128GB,垃圾！发烫严重，电池用不了多久
2018-05-22 11:58:05,来自京东Android客户端,金牌会员,标准版,极光色,6GB+64GB,用的百度输入法，看的都#
2018-05-26 21:55:52,来自微信购物,银牌会员,标准版,香槟金,6GB+128GB,质量有问题！也没发票！退货
2018-05-26 13:38:59,来自京东Android客户端,钻石会员,标准版,极光色,6GB+64GB,前置摄像头画质太假&hellip;&hellip;后置摄像都是斜在里面（说假话的死全家），外面看进去都还看得见零部件，我不知道是个体差异还是都是这种情况？作为华为旗舰产品，不应该出现这种情况，也不要被所谓的大师级摄像和徕卡镜头所迷惑！
2018-05-19 21:38:16,来自京东Android客户端,银牌会员,标准版,宝石蓝,6GB+128GB,电量消耗有点快?
2018-05-24 14:22:04,来自京东Android客户端,钻石会员,标准版,亮黑色,6GB+64GB,才买帮个月触屏就出问题
2018-05-23 19:03:40,来自京东Android客户端,金牌会员,标准版,宝石蓝,6GB+64GB,垃圾，手机发烫的厉害。
2018-05-22 11:38:06,来自京东Android客户端,钻石会员,标准版,宝石蓝,6GB+64GB,手机不行，发热太厉害了
2018-05-25 23:13:39,来自京东Android客户端,银牌会员,标准版,亮黑色,6GB+64GB,不好用，，，，，
2018-05-25 18:30:17,来自京东Android客户端,银牌会员,标准版,宝石蓝,6GB+128GB,不好用，有点卡
2018-05-20 10:00:04,来自京东iPhone客户端,金牌会员,标准版,亮黑色,6GB+64GB,电池耗电太快了&hellip;&hellip;心情不好
2018-05-26 19:20:21,来自京东Android客户端,银牌会员,标准版,樱粉金,6GB+128GB,耳机太次了
2018-05-20 18:50:13,来自京东Android客户端,银牌会员,标准版,亮黑色,6GB+64GB,没有发票，
2018-05-28 11:48:41,来自京东Android客户端,钻石会员,标准版,宝石蓝,6GB+64GB,差点感觉
2018-05-27 20:29:27,来自京东iPhone客户端,银牌会员,标准版,亮黑色,6GB+64GB,非常垃圾
2018-05-09 14:31:03,来自京东Android客户端,银牌会员,标准版,宝石蓝,6GB+64GB,"用了半个月 数据线鼓了
然后京东客服跟我绕圈说话
气死我了
差评给京东
p20手机做工不错
但是性价比来说还是建议pro
纯是为了p20小一圈才没买pro很后悔
再说一遍
京东客服真的蠢"
2018-05-26 19:29:30,来自京东Android客户端,金牌会员,标准版,亮黑色,6GB+64GB,什么手机，用了不到一个月就出现问题，就要拆机维修，谁家手机用了不到一个月愿意拆机维修，要是半年一年出现问题那也就认了，真的不想多说啥，差评差评差评
2018-05-28 14:01:00,来自京东Android客户端,金牌会员,标准版,亮黑色,6GB+64GB,自带的手机壳，刚用了几天就发现把手机边框刮花了，一开始还以为是进灰了。材质对不起它的价格。第一次给差评。懒得拍照了。
2018-05-21 11:55:52,来自京东Android客户端,钻石会员,标准版,亮黑色,6GB+64GB,手机是二手的   边框有划痕  客服不承认  差评  我一年在你们京东消费十几万  就这样对待客户?
2018-05-20 12:02:30,来自京东Android客户端,金牌会员,标准版,宝石蓝,6GB+64GB,差评，手机会卡，应用来回切换也会卡，才用了不到一个月。
2018-05-27 17:52:42,来自京东Android客户端,银牌会员,标准版,宝石蓝,6GB+64GB,服务太差   找他们都不会  差评
2018-05-09 21:37:28,来自京东Android客户端,金牌会员,标准版,樱粉金,6GB+64GB,我想问我手机发这样格式的图片出去别人看不怎么清楚，怎么会是这样的，叫别人怎么工作，怎么解决这个问题
2018-05-09 17:03:22,,PLUS会员,标准版,亮黑色,6GB+128GB,比较重，不如P10好用，发烫的厉害，这么烫估计寿命半年左右。
2018-05-09 14:31:03,来自京东Android客户端,银牌会员,标准版,宝石蓝,6GB+64GB,"用了半个月 数据线鼓了
然后京东客服跟我绕圈说话
气死我了
差评给京东
p20手机做工不错
但是性价比来说还是建议pro
纯是为了p20小一圈才没买pro很后悔
再说一遍
京东客服真的蠢"
2018-05-09 09:53:03,,金牌会员,标准版,亮黑色,6GB+128GB,体验感特别差，手机掉电能力特别强，不用 待机的情况下一上午50%的电没了，如果看看新闻一上午在12点之前就要插上充电线充电了 ，几乎跟用报废了的手机续航能力一样，找到客服除了说抱歉没别的，现在正想着得到一个完美的解决方案，不然这种窝火，我会投诉到各大头条，投诉到国家有关部门，主要是太坑了
2018-05-08 18:19:32,来自京东Android客户端,银牌会员,标准版,亮黑色,6GB+64GB,前天买的刚刚1点充电的时候放歌放个一首不放了 放的时候还卡了两下 太困也没看 刚刚起床还是那么多电还死机了屏幕一直亮着手机非常烫 怪好没有炸 是不是该给客户交代呢？？？？
2018-05-08 17:13:18,来自京东iPhone客户端,银牌会员,标准版,宝石蓝,6GB+128GB,没有说的那么好 像素不高 反应有点慢
2018-05-08 16:22:38,来自京东Android客户端,金牌会员,标准版,宝石蓝,6GB+64GB,#，玩个游戏，无线老断，流量也老断线，#，前一个p8也没这种现象
2018-05-08 12:04:07,来自京东iPhone客户端,银牌会员,标准版,亮黑色,6GB+64GB,不是说送移动电源吗！看别人晒图外壳，钢化膜什么都有！我怎么什么都没？解释一下呢！
2018-05-07 19:57:35,来自京东Android客户端,银牌会员,标准版,宝石蓝,6GB+64GB,此用户未填写评价内容
2018-05-07 18:13:25,来自京东Android客户端,金牌会员,标准版,亮黑色,6GB+64GB,我本来就想试一下这款手机跟小米mix2s，看到是无理由退货才下单买的。才到一天放在口袋都不敢跟金属类物品接触，第二天去退货就发现通话口有这样的划痕就无法退了，我真是醉了，我是真没咋用，唉，劝各位还是把钱花在小米mix2s上吧。
2018-05-07 16:35:26,来自京东Android客户端,金牌会员,标准版,亮黑色,6GB+64GB,发货是快，要不是买不到小米真不会买华为，其他方面真是一般般，满世界的吹嘘，其实用户心里才是最真实的，没有对比就没有伤害，但是不能欺骗消费者，就算关了可以省电的也是不耐电，客服不用忽悠我，我特地专门上网查了，贴吧也看了，能省点的都关了，但是心里还是不爽，花了钱感觉不值得，要不是确认收获了，我真退货，请问还可以退货吗？
2018-05-07 13:39:19,来自京东Android客户端,金牌会员,标准版,亮黑色,6GB+64GB,掉漆，呵呵了，华为，啧啧啧
2018-05-07 13:16:31,来自京东Android客户端,银牌会员,标准版,樱粉金,6GB+128GB,"手机收到了，然后发现开启应用的时候，打电话进来手机铃声不会响，也不会有震动。好几个电话没接到。
想要换货，结果说要审核之后才会发新手机。我旧手机已经扔了，3-7天，呵呵
想要退货然后买个新的，说什么审核不过的话手机会退回。
行行行，我TAMA自己去修，不退了，行了吧:)"
2018-05-07 12:27:30,来自京东Android客户端,PLUS会员,标准版,亮黑色,6GB+64GB,手机的电量消耗太快了
2018-05-07 11:12:36,来自微信购物,银牌会员,标准版,樱粉金,6GB+64GB,货到付款，一定要付款了才可以检查手机，没什么保障，然后就是好多最基本的软件显示不兼容，反正就是觉得这手机不好
2018-05-06 23:48:40,来自京东Android客户端,PLUS会员,标准版,亮黑色,6GB+64GB,各种卡！玩游戏卡！打开app也卡顿！三千多的手机还这么卡！坑呀！手机不行。物流还可以
2018-05-06 23:25:54,来自京东Android客户端,钻石会员,标准版,宝石蓝,6GB+64GB,我要的纸质版的发票没有，差评，和手机无关
2018-05-06 21:59:28,来自京东iPhone客户端,钻石会员,标准版,宝石蓝,6GB+64GB,使用苹果7p手机之后买了华为手机，使用之后，很多功能都不习惯，买之前看了一下店铺的差评，说的还是真的有那么回事，闪屏加摄像头也不是很清晰，还不如我之前用的苹果6s，手机拆包了，也退不了了，刚买的如果去修就成了旧手机了，很揪心。
2018-05-06 20:55:07,来自手机QQ购物,PLUS会员,标准版,宝石蓝,6GB+64GB,手机不错，物流不送到位，还说是京东自营？
2018-05-06 19:41:30,来自京东Android客户端,银牌会员,标准版,亮黑色,6GB+64GB,手机声音太杂。，。。  货到付款  还刷了两次卡   扣了两份钱。  什么时候可以退回。  要怎么退
2018-05-06 19:30:23,来自京东Android客户端,金牌会员,标准版,宝石蓝,6GB+64GB,卡的要死，刺激战场太卡了
2018-05-06 18:22:04,来自京东Android客户端,钻石会员,标准版,亮黑色,6GB+128GB,"差评是针对这个套餐的，手机还是不错的。
当初图省事买了这个套装，到货发现这个翻盖的手机壳质量很差。
1.翻盖盖到屏幕上后发现上下两个角是翘着的，不平。
2.中间的软连接搞得很硬，造成合上盖子后又翘起来，得用手按一会才勉强合上。
3.还有就是尺寸也不合适，翻盖比手机屏幕大出一个边，攥着都咯手。"
2018-05-06 18:10:39,,银牌会员,标准版,亮黑色,6GB+64GB,拍照太差了，还不如之前的mate8，会议室拍照脸都是变形的，不是很明白为什么能把拍照吹上天！
2018-05-06 17:24:28,来自京东Android客户端,钻石会员,标准版,亮黑色,6GB+64GB,太不好用了屏幕触摸不好反应慢钱花的太坑了
2018-05-06 15:36:10,来自京东Android客户端,PLUS会员,标准版,宝石蓝,6GB+128GB,假货
2018-05-06 14:58:42,来自京东iPhone客户端,银牌会员,标准版,宝石蓝,6GB+64GB,没发票的吗？没手机发票。什么发票都没 什么意思？
2018-05-06 13:42:44,来自京东Android客户端,银牌会员,标准版,亮黑色,6GB+64GB,手机用的还可以，就是手机老是发烫，电池不怎么耐用
2018-05-06 13:35:21,来自京东iPhone客户端,钻石会员,标准版,樱粉金,6GB+128GB,网购第一个差评送给这次白条活动，太坑了，还要手动勾选，不然不免息，真是一个不注意就入坑了
2018-05-05 21:49:21,来自京东iPhone客户端,银牌会员,标准版,樱粉金,6GB+64GB,"手机还可以啦
但是好生气哦
头一天晚上特别晚了才买的
第二天就搞活动送半年碎屏险
气到想退货
差评"
2018-05-05 21:16:44,来自京东Android客户端,金牌会员,标准版,樱粉金,6GB+128GB,昨天晚上10多刚买的，第二天就有活动，还不给加上去。这么坑。。。
2018-05-05 15:56:36,来自京东Android客户端,银牌会员,标准版,亮黑色,6GB+64GB,这么说吧！不值  我说真的后台应用打开三个就杀死一个  玩吃鸡还闪退  要不是等不上抢不上某米谁买这玩意儿  真的是糟蹋钱
2018-05-05 10:48:42,来自京东Android客户端,PLUS会员,标准版,亮黑色,6GB+128GB,唯一的优点是宣传做的好！很不幸让我买了个阴阳屏，屏幕下面发黄，，给京东说让去找售后，去售后检测说这属于正常，不影响使用，真的一下子没有反驳理由了，只能自认倒霉了。本来冲着国产品牌买的，有点儿失望。谁都想买个没有半点儿毛病的手机，算我倒霉了。给了一星是给送货的快递小哥的。手机用着倒挺好，人脸识别个指纹解锁都挺快的。就屏幕这一点让我很不舒服，不知道发黄会不会越来越严重，真害怕国产玩意儿用不过半年就废了。
2018-05-05 09:56:19,来自京东Android客户端,银牌会员,标准版,亮黑色,6GB+64GB,买了一暖宝宝   联系客服还没有人   要退货了
2018-05-05 09:30:03,来自京东Android客户端,金牌会员,标准版,亮黑色,6GB+64GB,4号问客服5号华为p20有活动有优惠么？客服说没有，结果东西还没收到就说送半年的碎屏保险。我又不是不买你至于骗我么？
2018-05-04 21:44:57,来自京东Android客户端,金牌会员,标准版,亮黑色,6GB+64GB,运行速度没话说，就是电池不经用，作为一个轻度手机使用者电池管不到一天
2018-05-03 22:46:16,来自京东iPhone客户端,金牌会员,标准版,宝石蓝,6GB+64GB,很垃圾的手机，再中高档手机里面这手机真的很菜。客服也很不专业，什么都不懂就会官方那套敷衍话。再也不会理会华为手机了 真的飘了
2018-05-03 22:17:43,来自京东Android客户端,金牌会员,标准版,宝石蓝,6GB+64GB,左边@是坏的?
2018-05-03 22:11:58,来自京东Android客户端,银牌会员,标准版,樱粉金,6GB+64GB,好评？如果做不好售后服务就别拿出来买，问些会出现的问题一直叫找京东客服，第一次用京东麻烦得一批，差评接着好好改进吧
2018-05-03 21:35:37,来自京东Android客户端,银牌会员,标准版,樱粉金,6GB+64GB,手机有点厚，而且打电话总是听不到别人声音，时断时续，上个旧手机没有问题的，太让人失望了。早知道还不如换苹果的，最后一个华为手机！
2018-05-03 14:32:15,来自京东iPhone客户端,金牌会员,标准版,宝石蓝,6GB+64GB,非常差的体验，屏幕显示有很明显的横向条纹但是拍照看不出来，肉眼一对比就出来了，事不过三，连续两次给我发同样问题的的货，可见商家有意的把有问题的的批次在网上售卖，联系大家贵重的电子产品还是去实体店买吧，华为的品控如果按我拿到的概率来讲，是很糟糕的。
2018-05-03 13:14:38,来自京东Android客户端,银牌会员,标准版,宝石蓝,6GB+64GB,差评，手机买了不到一个月，卡的要死
2018-05-03 09:40:26,来自京东Android客户端,银牌会员,标准版,香槟金,6GB+64GB,华为p20我用了十几天过来评论，后摄像头有2个，原来一个那个是假的，华为国产也不可靠。
2018-05-03 03:09:23,来自京东Android客户端,银牌会员,标准版,樱粉金,6GB+64GB,还没打开看，买来给媳妇的惊喜，可包装磕坏了，不美观了，看包装应该是出库的时候就给磕到了，有点儿不舒服
2018-05-02 23:39:56,来自京东Android客户端,银牌会员,标准版,亮黑色,6GB+128GB,*的手机
2018-05-02 20:06:27,来自京东Android客户端,金牌会员,标准版,宝石蓝,6GB+64GB,这就是华为售后，气死我了，耽误事，充满电一会儿就没电了，退货不给退，换个别的型号，也不给换，#。
2018-05-02 19:03:25,来自京东Android客户端,银牌会员,标准版,香槟金,6GB+64GB,客服差评就知道自动回复！有问题根本没有正面回复！！！！还旗舰店！京东客服更是！真不知道这个破平台**怎么还会那么高！赠送的电信卡根本不能用！欺骗消费者！联系京东客服就知道tama自动回复！头一次给差评！大家千万不要买了！??
2018-05-02 17:48:55,来自京东Android客户端,银牌会员,标准版,宝石蓝,6GB+128GB,物流真**垃圾，如果不是急着用手机，直接就退货了，快递一点责任心都没有，差评5颗星！手机待用后再做评论
2018-05-02 13:49:36,来自京东Android客户端,金牌会员,标准版,亮黑色,6GB+128GB,非常不满意的购物，手机有问题不能及时解决
2018-05-02 13:47:54,来自京东Android客户端,金牌会员,标准版,亮黑色,6GB+64GB,一星都不想给，但只能给一个，前天买到，登录微信，玩个小程序游戏，微信自动重启一整天都这样，返回界面卡顿延迟？截图失效，买了好几部华为，从都没这样过，非常非常失望，
2018-05-02 11:38:15,来自京东Android客户端,银牌会员,标准版,亮黑色,6GB+64GB,买了有两天了，用起来是没问题。但是玩游戏真的不行。。也不知道是这～970的GPU问题，还是因为控温限制问题，掉帧严重反正只要玩游戏画面就不流畅。完全体验不到这款处理器的强大。现在有点后悔一时冲动买了这手机。玩游戏真不适合。三千多买台小米旗舰都可以秒杀华为全部手机了。
2018-05-02 10:36:08,来自京东Android客户端,银牌会员,标准版,亮黑色,6GB+128GB,"强烈建议大家不要在这里买p20，建议大家去官方实体店买。我将本人亲身体验告诉大家，原因有三:
一、价格都一样；二、实体店购买，现场可以验机；三、京东上买手机如有问题，会磨死人。
本人经历具体如下:
4月23日在此店（华为京东官方店）买的p20，5月1日我发现有个高光点。此店经销商买前很热情，到了发现手机质量有问题前去咨询，鸟都不鸟你（聊天记录、手机高光点见下图）。
一个高光点确实是个小问题，但对于消费者来说谁想花同样的价钱却买个问题机，主要还是担心日后还会不会爆出更多的高光点，更多问题。虽然京东服务无差，有退换货维修等服务，但寄来寄去至少一周（这对于先前手机已恢复出厂设置，准*的我非常不便）。其后我网上查询并致电江西地区实体官方门店电话，其反馈我说，（京东说是说换，其实也就是和你修一修，或者拿其他修好的手机里挑一个给你）虽然他这句话可信度存疑，但是他一句话却让我脑补了一堆画面，至少已经影响了我未来在京东的消费行为，养成买前要三思，而不再是以前冲京东的牌子直接购买。"
2018-05-02 09:44:33,来自京东iPhone客户端,金牌会员,标准版,宝石蓝,6GB+128GB,"阴阳屏，四千多买个膈应人的手机，难道华为觉得阴阳屏是正常的？？
另外包装内就是手机盒子，一点泡沫塑料缓冲啥的材料都没有"
2018-05-01 22:20:38,来自京东Android客户端,PLUS会员,标准版,樱粉金,6GB+64GB,"本来只想评价华而不实，为所欲为，想想还是说几句。
第一次买华为，真心是因为最近没啥好一点的新手机出来等不了所以尝试了。
优点是拍照确实好，续航与充电一般，不过远优于我以前的苹果6s。
缺点挺多的，首先是屏幕阴阳屏 下部和上部偏黄尤其下部，我去了体验店样机更严重所以申请退货想想还是取消了。
然后是流畅度，我说实话，和一千多的手机在大部分操作界面流畅度差不多的，我吃鸡还行，玩个消消乐都有点点掉帧我也是醉了。
京东包装上有个撕开就必须开箱验货的封条已经是撕过的，我觉得是不是别人退货的很烦。
做工只能说一般，后盖靠着typec接口出处有缝隙。
摄像头偏心有点，不过没其他人那么夸张，使用好像也没影响。"
2018-05-01 17:07:43,来自手机QQ购物,金牌会员,标准版,亮黑色,6GB+64GB,手机耳机2对，一对带转换接口能用，一对不带不能用，华为客服告知官方只有一对耳机，很是纠结呀。
2018-05-01 13:52:33,来自京东Android客户端,金牌会员,标准版,樱粉金,6GB+64GB,莫名其妙，怎么会多了陌生的联系人信息，怀疑是返修机！
2018-04-30 23:11:55,来自京东Android客户端,钻石会员,标准版,亮黑色,6GB+64GB,我想问一下我18年4月27日晚上下单买的手机里面怎么有18年4月27日上午的视频文件
2018-04-30 21:35:04,来自京东Android客户端,PLUS会员,标准版,亮黑色,6GB+64GB,刚收到，手机不错，但京东工作人员的工作态度有问题，我的手机膜居然刮花了，还有压痕，只好自己去重贴一张膜，这是在京东购物最不爽的一次。我可以怀疑手机是别人退货的问题机吗？
2018-04-30 21:07:13,来自京东Android客户端,金牌会员,标准版,香槟金,6GB+128GB,用了几天了，电池超不耐用。像素还算可以，店家服务态度极不满意，用个词形容&ldquo;傲慢&rdquo;冷漠，联系商家总是不回复，我都不知道还要那客服有什么用。除了系统自动发信息外，很少回复的。
2018-04-30 20:17:01,来自京东Android客户端,钻石会员,标准版,亮黑色,6GB+64GB,摄像头里不知道是进灰，还是出厂带有灰，阳光下验收一下便知，灯光下看不到有灰，电池免强用一天，系统操作不够方便
2018-04-29 21:35:51,来自京东Android客户端,银牌会员,标准版,樱粉金,6GB+64GB,京东服务很好的啦，物流超快的啦，手机这个锅京东是背定的啦，充电一分钟，暖手半小时的啦，冬天出门取暖神器的啦，地图软件开启两秒钟，GPS定位&hellip;&hellip;等一下？定位？不存在的，地图说它无法定位，再开也说无法定位，最后再开一次说定位？这辈子都不可能定位的啦。最后一百度就全明白了啦
2018-04-29 13:03:54,来自京东Android客户端,银牌会员,标准版,宝石蓝,6GB+64GB,电板不经用软件安装了用不了差评
2018-04-29 11:34:23,,银牌会员,标准版,宝石蓝,6GB+64GB,物流速度快，手机运行速度更快，外型感觉不错，非常完美物有所值，客服态度也好。还会追评的。
2018-04-29 10:29:20,来自京东Android客户端,金牌会员,标准版,樱粉金,6GB+64GB,身为搞工艺的我 ，对这屏幕上的小点无法容忍，可以想想华为手机出厂审核的标准哪去了？下次在京东买东西得三思
2018-04-28 22:07:48,来自京东Android客户端,金牌会员,标准版,亮黑色,6GB+64GB,，垃圾双@只有一个@有声音，妈的，京东一点都不靠谱，卖的烂货
2018-04-28 13:21:11,来自京东Android客户端,银牌会员,标准版,樱粉金,6GB+128GB,说好的赠品一个都没有，什么商家啊
2018-04-28 10:09:32,来自京东Android客户端,金牌会员,标准版,亮黑色,6GB+64GB,太抠了，什么也没有送，
2018-04-28 07:53:59,来自京东Android客户端,金牌会员,标准版,宝石蓝,6GB+64GB,差评，卡槽都取不出来，卡针都差不进，神烦，下次再也不在京东上买了
2018-04-27 22:56:16,来自京东Android客户端,银牌会员,标准版,亮黑色,6GB+64GB,玩游戏太卡了
2018-04-27 16:21:46,来自微信购物,银牌会员,标准版,宝石蓝,6GB+64GB,快递京准达骗人的  根本达不了，我要投诉
2018-04-27 14:31:27,来自京东Android客户端,金牌会员,标准版,亮黑色,6GB+64GB,京东太垃圾了，明明没开发票，退货时给我要发票，我压根就没收到发票，从哪给你们。手机电池耗电太快，如不提供发票要扣17%税钱646元，去***的，就没收到发票老子从哪给你，无奈只能不退货了，老子一年在京东买十几万的东西，只要不打电话要发票从来不主动开发票的，这次也一样没开，要退货了给要税票，垃圾
2018-04-27 13:32:43,来自京东iPhone客户端,钻石会员,标准版,亮黑色,6GB+64GB,我不知道是不是其他人也一样，手机音量键和开关键非常松动，摇手机的时候还能听到按键晃动的声音，提出售后要求换机，京东来电话说手机没问题，但会给我换机。今天收到货，明显还是我退回的那台，按键还是松动的，手机背面膜还是脏的，屏幕上的膜还是黏的，你京东如果说华为新机就是这样的，那我无话可说。
2018-04-27 11:45:06,来自京东Android客户端,钻石会员,标准版,宝石蓝,6GB+128GB,耗电太快，玩刺激战场不流畅，卡的无语，跟不上节奏，还不如旧的OPPO11s。考虑退了
2018-04-27 05:45:46,来自京东Android客户端,金牌会员,标准版,宝石蓝,6GB+128GB,打电话声音超级大，旁边人听说的一清二楚，屏幕下部偏黄
2018-04-27 00:09:57,来自微信购物,金牌会员,标准版,宝石蓝,6GB+64GB,垃圾。手机老是卡，反应不快。还老是黑屏
2018-04-26 21:46:59,来自京东Android客户端,金牌会员,标准版,樱粉金,6GB+64GB,我不想说了，真的不是很好用一分我都嫌多，居然卡居然卡是我有毒还是你有毒
2018-04-26 17:14:00,来自京东iPhone客户端,PLUS会员,标准版,宝石蓝,6GB+64GB,"说实话，本来对华为有很大的期待，但是拿到手机之后呢，觉得有点失望:
1.反应速度，我和我老婆的vivo x9做了一下对比，着实让我失望，无论是打开网页，还是软件，又或者是游戏，华为p20都不如x9.
无线网连接速度，连接同一个无线网，我的苹果8的网络速度完胜华为p20，p20打开软件，经常是一直在那里缓冲。经常出现没有网络的情况，提示重试！
3.这个电池的电，和苹果8简直不在一个档次，耗电太快！
      和三星，苹果这样的公司比，华为手机真是让我挺失望的，买过就后悔了！
4.价格偏贵，华为这个手机手机系列，整体手机偏贵，这个手机的性能不值这个价！"
2018-04-26 15:15:32,,金牌会员,标准版,樱粉金,6GB+64GB,差评，首先指纹开锁等于没用，机身无敌粘指纹，上手就留下指纹一堆，无论是前还是后；第二，发票没一起开过来，也没消息说什么时候有，问了还说发票属于京东负责，让自行咨询解决&hellip;&hellip;拜托，我是在你店里买的，为个发票我还到处找人&hellip;&hellip;心情不好
2018-04-26 14:03:59,,钻石会员,标准版,宝石蓝,6GB+128GB,出现死屏！
2018-04-26 13:22:10,来自京东Android客户端,银牌会员,标准版,樱粉金,6GB+64GB,就想说一句，屏幕太花了，尤其是看抖音，快手，腾讯，等等换了两次，都有问题，我也是服了，一个旗舰机居然出这样的问题，太失望了！
2018-04-26 11:15:53,,金牌会员,标准版,香槟金,6GB+128GB,京东服务让人无语，因为颜色取消了订单，然后要求配送，客服反复内部确认告诉我无法送货，让我重新下单，然后又送货了，折腾了十多个电话，拜托能不能专业一点。
2018-04-26 11:04:03,来自京东Android客户端,银牌会员,标准版,亮黑色,6GB+128GB,"用了12 天，体验真心差。
第一，后台运行的永远关不掉（除非重启），虽然你手动结束了后台运行，但是实际上，它还是在那里耗电占内存，一般用一天运存就达到了80%的程度，怎么降都降不下来，除非重启。
第二，这几天给同学拍毕业照，卡住了，居然卡住了（真心没开其他软件），而且有莫名的歌声从手机里传出来，看了一下，并没有开音乐软件，后来重启才能动，才没声音的，用户体验真心差
第三，现在想退货但是售后并不允许了，因为只有7天无理由退货，14天之内只能换货，但是这款手机给我的体验太差，想退居然退不了！
第四，我开微信聊天居然都还会卡住，显示不了那些微信消息，不是网络原因，只是这台手机真心差，以后不敢信华为了。。。
真心一颗星都不想给"
2018-04-26 10:49:21,来自京东Android客户端,金牌会员,标准版,宝石蓝,6GB+128GB,耗电很快，真心还没我p9待机长
2018-04-25 22:02:33,来自京东Android客户端,金牌会员,标准版,宝石蓝,6GB+64GB,对于当下很便捷的支付，华为的手机居然不支持微信指纹支付。真的很难理解，国产机器居然这么狗，外来机居然都可以了。垃。。圾然不让打，京东也是#。
2018-04-25 19:06:49,来自京东Android客户端,PLUS会员,标准版,宝石蓝,6GB+64GB,说实话没有宣传的那么好，新手机偶尔点返回没有反应，电池也不想3400，京东买东西从来没有给过差评，第一次买华为也是第一次给京东差评。我是多年的魅粉。很失望，很失望&hellip;&hellip;
2018-04-25 17:06:07,来自京东Android客户端,金牌会员,标准版,宝石蓝,6GB+64GB,看抖音模糊看朋友圈视频模糊 感觉有时候看图片也模糊，在网上查了一下应该不是个例。别人回复都是片源不清晰，但是看同样的视频为啥我的老果6就没问题，同事的红米也没问题。求解！
2018-04-25 13:54:30,来自微信购物,银牌会员,标准版,宝石蓝,6GB+64GB,看到这张照片估计很多人都知道我的职业了吧，本来想买个信号好的手机用来接单，可是信号好有什么用呢？打开这个软件，接到单了，没两分钟就退出了，到了乘客地方又得打开，接到乘客没两分钟又退了，每次都这样，国产手机还这么贵？好吧，你贵可以，但是你这垃圾系统为什么这么不稳定？为什么要退？联系客服也没用！
2018-04-25 13:38:38,来自京东Android客户端,金牌会员,标准版,宝石蓝,6GB+64GB,有花纹，请问华为能够用心一点么？第一次买就觉得，包装什么的都没有其他手机那样给人舒心的感觉。
2018-04-25 09:23:33,来自京东Android客户端,金牌会员,标准版,亮黑色,6GB+64GB,16号买的，17号到的货，用到今天是第九天，刚开始用的还不错，现在看两个半小时电影手机就没电了，而且在昨天还出现在手机卡读不出来的情况，我是两个手机号，联通的卡读得出来，移动卡读不出来，后来重启好了，今天早上起来又出现了移动卡读不出来的情况，然后重启也没用，我就拿我朋友的移动卡试了一下，也读不出来，但是单卡就读得出来，双卡直读的出来联通卡，我把两张移动卡都上去试了一下，都读不出来，然后没办法，重启了五六次，移动卡才读出来，找客服，半天不理人，都说要支持国产，就这个质量，唉不想说了！
2018-04-24 19:16:07,来自京东Android客户端,银牌会员,标准版,香槟金,6GB+64GB,屏幕分辨率太低，和其它华为手机一次比简直太差
2018-04-24 18:16:42,来自京东Android客户端,金牌会员,标准版,宝石蓝,6GB+128GB,除非你随时携带移动电源，否则，满电状态，正常使用，不玩游戏，聊聊微信，上上网，能熬过一天，算我输！！！
2018-04-24 17:56:27,来自京东Android客户端,银牌会员,标准版,宝石蓝,6GB+64GB,这个差评我是一定要给的，手机买回来才两天，背壳就刮花了，期间就正常的拿放手机，不知怎么的就花了，背壳下半部分感觉像是被放在地上使劲摩擦过一般，磨痕明显。整体看上去背部给人的感觉更像是塑料。
2018-04-24 14:42:20,来自京东Android客户端,金牌会员,标准版,亮黑色,6GB+64GB,本人在京东商城看好了nt10，跟客服人员谈好了配置及清单后我直接就买了因为我一直支持华为，相信华为。但是我点了连接下单今天收到货居然是20，于是我跟客服人员联系他说他没错按订单发的货，我说我们聊天记录是10，我是点的连接没看型号。客服直接说是我的问题，我就问了他难道我们聊的是10你给我发个p20你就没审查单子？就不理我了，我今天收到了p20直接了丢了，又买个10但是不在你这里买，就你这样的态度我不想评价。自己去想。
2018-04-24 11:37:10,,企业会员,标准版,香槟金,6GB+64GB,*
2018-04-24 10:03:53,,银牌会员,标准版,亮黑色,6GB+64GB,手机没的说用了3天感觉比较好！但是对京东某些比较失望，我解释一下下图。第一张图是买手机附送的电信卡里面的活动内容，最后两个步骤说直白点就是，首次充钱后领取礼包然后送一个一年的屏保碎险。注意领取礼包后7天之内需要交资料不然作废！但是小弟按步骤充值了领取礼包了，到了第4部该交屏保资料了，可恶的京东宝宝又让我回到第三部让我先领礼包，大家可以看时间，第二张图时间是9.31分短信提示我在12分钟前已经领取了礼包， 第三张图时间9.32分我在操作这个步骤时，说我先领礼包，有图有真相我明明已经领取了！现在我想问京东到底能不能承担起那份碎屏险！！不能这样骗炮吧！
2018-04-24 00:37:05,来自京东Android客户端,PLUS会员,标准版,亮黑色,6GB+64GB,打电话对面的听不到我说话，申请换货了，希望换了之后不会让我失望吧。
2018-04-23 23:28:40,来自微信购物,金牌会员,标准版,宝石蓝,6GB+64GB,比同配荣耀10贵*大洋，这么贵的手机没红外，还存在阴阳屏现象，只能说买的有点着急了。
2018-04-23 22:07:25,来自京东Android客户端,金牌会员,标准版,宝石蓝,6GB+64GB,发热严重，真的很垃圾，我去?
2018-04-23 20:50:49,来自京东Android客户端,银牌会员,标准版,宝石蓝,6GB+128GB,一颗星都不想给，我总觉得我的手机铃声低，要不是同事帮我测试我都发现不了左边的喇叭竟然没有声音，大家高兴之于还是检查一下自己的手机吧
2018-04-23 20:10:44,来自京东Android客户端,PLUS会员,标准版,宝石蓝,6GB+64GB,不好，手机反应什么的还可以，就是屏幕有一个划痕，差评
2018-04-23 18:34:14,来自京东Android客户端,银牌会员,标准版,宝石蓝,6GB+128GB,不好的购物体验，别的店都送好几件东西，这个店一样东西都没有送，
2018-04-23 13:19:30,,金牌会员,标准版,宝石蓝,6GB+128GB,头次用华为产品。第一次收到货，后置摄像头是歪的，没开机直接换货。第二次，1，阴阳屏太明显。 2，后置摄像头还是有一点歪。 懒得再换了，退货。4000多的手机啊，不是1，2千！ 对这个牌子失望。吹嘘对标苹果超越三星，苹果三星质量就这水平？这是你的旗舰机之一啊！拜托用心点好吗。几年之内不会再考虑这个牌子
2018-04-23 12:41:13,来自京东Android客户端,金牌会员,标准版,宝石蓝,6GB+64GB,联系不要买，什么都好就是货不好，扬声器声音有点闷，可能是我自己听惯，但打电话听筒经声音常性的变小，变远，客服万年没人在
2018-04-22 22:23:45,来自京东Android客户端,PLUS会员,标准版,亮黑色,6GB+128GB,刚到的手机没有信号，差评
2018-04-22 20:50:03,来自京东Android客户端,银牌会员,标准版,宝石蓝,6GB+64GB,京东但是挺快这 就是这耳机插头的地方有个缺口能告诉我咋回事吗？就这糊弄我们？？？
2018-04-22 19:53:40,来自京东Android客户端,PLUS会员,标准版,亮黑色,6GB+128GB,我对京东的服务一直特别满意，我也很想支持国货，支持华为手机，为什么买到手确是一个伤心，请评论的朋友能不能说点良心话，你们是不是华为的拖啊？这手机屏幕分辨率低，打开功能反应迟钝，无语！无语！无语！
2018-04-22 18:36:54,来自京东Android客户端,银牌会员,标准版,宝石蓝,6GB+64GB,缺件，什么高级厂家哦?3.5mm的耳机转接头被工人吃了，盒子也变形了，我是真的服了。我直接就是一个差评，开始客服电话繁忙，打了半天。终于有人处理了唉?3788果然没毛病
2018-04-22 12:07:46,来自京东Android客户端,金牌会员,标准版,亮黑色,6GB+64GB,第一次差评，说实话这手机值不起这个价，性能不强，还发烫，续航也不强，真是令人失望
2018-04-21 22:22:31,来自京东Android客户端,金牌会员,标准版,亮黑色,6GB+64GB,屏幕阴阳屏，后面摄像头有一粒灰尘，还好都不影响使用
2018-04-21 20:48:23,来自京东iPhone客户端,钻石会员,标准版,亮黑色,6GB+64GB,以前给父亲买的华为挺好的，这次买一个好点的P20，系统简直#，接听电话有防触控模式也没有关闭按钮，s..B设计工程师
2018-04-21 20:20:09,来自京东Android客户端,金牌会员,标准版,亮黑色,6GB+64GB,钢化膜都不送一个
2018-04-21 17:36:09,来自京东Android客户端,银牌会员,标准版,樱粉金,6GB+128GB,挺好看的 但是打游戏还是会卡 特意用了两天才来评论的 玩荒野 刺激战场都有点卡 电量还行 一般 不能说续航时间很长 手机还是很厚的  拍照额 能接受 总体一般
2018-04-21 17:01:05,,PLUS会员,标准版,亮黑色,6GB+128GB,稀烂
2018-04-21 12:41:09,,钻石会员,标准版,亮黑色,6GB+64GB,整体就是感觉容易发烫
2018-04-21 08:23:41,来自京东iPhone客户端,银牌会员,标准版,亮黑色,6GB+64GB,请大家不要上当受骗，电池不耐用，打游戏非常卡，就是说看网络电视也是非常卡。退货也非常慢，还和苹果比，华为真是脑子有毛病
2018-04-20 19:59:39,来自京东Android客户端,银牌会员,标准版,亮黑色,6GB+64GB,讲真的，性价比不是很高。感觉浪费钱。
2018-04-20 18:05:52,来自京东Android客户端,银牌会员,标准版,亮黑色,6GB+128GB,刚买到手的，竟然卡
2018-04-20 16:45:14,,银牌会员,标准版,亮黑色,6GB+128GB,这家店是黑店  各位不要上当了  退货要扣钱的  售后也没有人解决问题
2018-04-20 13:18:35,来自京东Android客户端,金牌会员,标准版,亮黑色,6GB+64GB,运行内存也就2-3g 拍照啥的还好吧
2018-04-20 08:12:41,来自京东Android客户端,钻石会员,标准版,宝石蓝,6GB+128GB,电池不行不耐用，新手机一天都检查坚持不下去。不玩游戏的话还是可以的
2018-04-19 20:42:04,来自京东Android客户端,金牌会员,标准版,宝石蓝,6GB+64GB,很不开心 感觉啥也没送 用起来感觉也一般般 今天荣耀10出来了 贵一千二 不知道贵在哪儿&hellip;&hellip; 买了也没啥办法退 希望多用几年吧
2018-04-19 16:30:55,来自京东Android客户端,金牌会员,标准版,宝石蓝,6GB+64GB,其他都挺好的，就是声音加减键有问题，每次加减声音都弹不上来，容易卡住
2018-04-19 16:14:28,来自京东Android客户端,银牌会员,标准版,宝石蓝,6GB+64GB,首先呢，后置摄像头设计不好，竟然可以看到里面的电子元件，而且，玩儿游戏也卡，画质不够清楚，外放声音真的无力吐槽，机型外观还好，就是不值这个价格
2018-04-19 14:54:41,来自京东Android客户端,PLUS会员,标准版,宝石蓝,6GB+128GB,卖了mate10买的这货，拍照mate10强百倍，续航相差不多，屏幕mate10强百倍，听课华为吹的牛逼才买的，买后发现自拍垃圾，前置一般跟三星s7都没得比，屏幕一般，自己看屏幕塑料的边框感觉像是让人用了很多年一样，都怀疑是不是新机了，以后再也不买华为了，真的是华而不实为所欲为。
2018-04-19 13:13:33,来自京东Android客户端,PLUS会员,标准版,宝石蓝,6GB+128GB,4月13 日买的，部分时间段没货，也是关注了挺长时间才下的手，本来想买mate10 pro，还是觉得新品有新技术还是选新品吧，人脸识别挺快的，锁屏时拿起手机就解锁了，手机选6+128的，运行很快，一般都有3g左右的剩余内存，电量一般，一天也够用了。总体挺不错的，其实还是觉得p20 pro好，当天就是抢不到。当时担心6寸太大 其实是顾虑太大了。
2018-04-19 13:11:31,来自微信购物,银牌会员,标准版,宝石蓝,6GB+128GB,买了好几天了  今天用了下导航  手机严重发热  手都不敢摸了 比小米发热还厉害  不建议购买
2018-04-18 22:42:50,来自京东Android客户端,金牌会员,标准版,亮黑色,6GB+128GB,玩吃鸡卡得要死，不知道是什么问题，反正不是我自身问题，不要跟我说要清什么清什么的，都假的很。希望能来点实在的，把打游戏卡顿的情况处理一下?
2018-04-18 21:55:31,,钻石会员,标准版,亮黑色,6GB+64GB,阿斯分阶段考虑撒酒疯看了电视剧看了
2018-04-18 16:17:10,来自京东Android客户端,金牌会员,标准版,亮黑色,6GB+64GB,手机算可以     一星是给京东客服的    包装简陋      本来该一天就到    客服都把责任乱推     有说一天到的     有说一天半到的       还有说一到三天到的
2018-04-18 12:14:43,来自微信购物,金牌会员,标准版,亮黑色,6GB+128GB,一星是给京东快递小哥的，服务及时热情。华为手机不是第一次买了，但这次很失望。才买了3天，一直带软套使用的，无意间拿下套子发现中框上居然掉漆了，退换是不可能了，只能自认倒霉;说一下使用感受，1手机和蓝牙手环无法连接（用荣耀7的时候能秒连，每个电话信息都有提醒到。）2手机看视频模糊，打游戏发热厉害。
2018-04-17 23:32:46,来自京东Android客户端,PLUS会员,标准版,宝石蓝,6GB+64GB,还行吧，外放音质差，正面摄像头占屏幕，另外部分应用说不支持截屏
2018-04-17 22:51:09,,金牌会员,标准版,亮黑色,6GB+64GB,电池不耐用，卡顿；品控太差劲，屏幕低端发黄，与宣传极其不符；垃圾，还比不上以前的旧手机。
2018-04-17 18:02:02,来自京东Android客户端,金牌会员,标准版,宝石蓝,6GB+128GB,不怎么样，感觉贵了
2018-04-17 15:52:58,来自京东Android客户端,银牌会员,标准版,香槟金,6GB+64GB,电池早上七点出门是百分之90多，然后到中午十一点电量不足二十。我也是醉了。然后客服服务真的很差。发消息都不会回我。   要不是小米买不到，真的就没有考虑华为   ，第一次买很让我失望。
2018-04-17 14:13:17,来自京东Android客户端,金牌会员,标准版,亮黑色,6GB+128GB,其他都好，就是摄像头不正，都能看到里面的电子元件
2018-04-17 13:39:21,来自京东Android客户端,金牌会员,标准版,宝石蓝,6GB+64GB,**手机，电池电量只能用到2%，充电也是从2%开始充的，售后技术部的爱理不理，说这是正常情况为了保护电池的，如果这是正常现象还要设计100%的电池干嘛？还无缘无故的重新启动了2次，新买的手机会这个样子？*的华为水军，为所欲为，华而不实，想说爱国真的不容易，！
2018-04-17 10:23:51,来自京东Android客户端,银牌会员,标准版,樱粉金,6GB+64GB,"好评给京东，差评给华为。1.差评原因：①号称华为旗舰机的p系列，品控太差劲，屏幕低端发黄，屏幕上部发白，典型的阴阳屏。跟朋友一起买的，他的也有这个问题，目测这个问题概率非常大，而且朋友的眼睛看不出来，所以应该是对色彩比较敏感的人才可以看出来，估计很难评定这个问题，所以懒得换了。②拍照时候，远远地拍草地和树木时候，涂抹感极其严重，颜色太鲜艳导致失真，总体显得非常假，拍照宣传的太厉害了，名不副实。
2.优点：说完缺点说优点①机身纤瘦，一体感很好，宛如艺术品，非常漂亮，女生拿着大小很合适，后壳很漂亮。②拍照自拍很美，后置拍人也很美，美颜自然清晰，在比较近的位置拍花、物之类的表现出色，拍照还是有一点优势的。③电池很够用，晚上待机一晚上没有耗费一点电。④操作灵敏，作为不玩儿游戏的人，零卡顿。据朋友说吃鸡只能标清。
总体能打60分，但是对于宣传这么厉害，号称国产良心的华为，妥妥差评。"
2018-04-17 10:00:57,,银牌会员,标准版,亮黑色,6GB+64GB,全面屏？第一感觉长宽不美观，太长太窄，屏幕太小，整体屏幕还没有人家不是全面屏的大呢?现在起码得是5.99的屏吧？还有太裸。。。用pro的宣传，低配的就弄得这么垃圾啊，别人用过p10的都说，p10和p20有区别吗？回答是没什么太大区别，倒是和pro区别挺大。。。。。。。。。。。。。。
2018-04-16 20:56:54,来自京东Android客户端,钻石会员,标准版,宝石蓝,6GB+64GB,#，手机克隆总是连不上，设置阶段没有办法查看短信，这么NC经过测试了吗？
2018-04-16 20:53:10,来自京东Android客户端,PLUS会员,标准版,亮黑色,6GB+128GB,预售的时候显示购机送半年碎屏险，结果没在店里买，选了京东预约。结果现在打客服说，当时没有送碎屏险。无语呀，哪个小伙伴有截图，抵制不要脸的京东。客服还说只显示了优惠，我说哪有优惠呀，她说从9999优惠到4288，你牛。。。
2018-04-16 19:53:34,来自京东Android客户端,金牌会员,标准版,宝石蓝,6GB+64GB,耳机插进去没有声音，一直在外放，失望?
2018-04-16 12:38:27,来自京东Android客户端,PLUS会员,标准版,宝石蓝,6GB+64GB,其他还好，我的显示字体有微弱的锯齿状，网格状态特别明显。
2018-04-16 07:08:19,来自京东Android客户端,PLUS会员,标准版,宝石蓝,6GB+64GB,"盼了好久终于等到12号，第一时间就抢了一部，华为这次让我有点失望。其他的不必多说，和宣传的一样。有一个缺点，通话质量很差，我得是移动信号，打电话有时候对方听不见，有时候断断续续的，但是同是在办公室，别人的手机信号就很好，这种情况出现了好几次了。我前一部手机用的是荣耀，没出现过这个问题。
还有，不是增电话卡麽，是不是收到货后就不能申请了？
联系客服也不会答。
总之，失望！！！！"
2018-04-15 23:03:46,来自京东Android客户端,PLUS会员,标准版,宝石蓝,6GB+64GB,指纹收集器，还有新耳机漏电 超级快充改超级外漏？！
2018-04-15 19:14:00,来自京东Android客户端,PLUS会员,标准版,宝石蓝,6GB+64GB,差评，预约也没有赠送碎屏险！！！！
2018-04-15 18:33:48,来自京东Android客户端,金牌会员,标准版,樱粉金,6GB+128GB,差评！提前10天付*元定金买的啥都不送，发布后当下买的送碎屏险，真#！
2018-04-15 15:08:12,来自京东Android客户端,银牌会员,标准版,香槟金,6GB+64GB,不知道是不是软件不兼容的问题，大家可以试下刷抖音的时候屏幕被放大，有的字被遮住了，看着特别难受，两个手机同一个视频对比了一下确实是P20有问题。客服和技术部反馈说是抖音软件的问题，不适用华为新系统新屏幕，但是刚出的新品就这样不负责，还一直推脱说是别人的问题，让我去跟他们投诉，作为商家，不想着怎么给客户解决问题，只推脱责任，不重视，那这个新品全是毁了，得到的只是用户的不信任跟抛弃。其他功能还好，目前只发现这个问题，还在踢皮球，没有人解决，京东的物流特别给力。
2018-04-15 14:28:08,来自微信购物,银牌会员,标准版,樱粉金,6GB+64GB,什么都没有送，还没有我们当地手机店出来的早，送的东西也多，也就这一次了，连个手机膜都没有！！！！！
2018-04-15 14:19:05,来自京东Android客户端,金牌会员,标准版,亮黑色,6GB+64GB,电池不耐用，运行速度也没明显优势（之前用vivox9plus），现在深深体会到什么叫水军的力量。说拍照如何如何了得，呸(*｀へ&acute;*)我感觉没有我的旧手机好，更别论水果机了。第一天用拍照功能居然还死机了。差评！拍照效果也不行。真是全告吹的。没有荣耀9性价比高！
2018-04-15 11:45:09,来自京东Android客户端,银牌会员,标准版,亮黑色,6GB+128GB,包装就一个纸壳子，都没点防护，连个贴膜都没有
2018-04-15 10:49:14,来自京东Android客户端,PLUS会员,标准版,宝石蓝,6GB+64GB,和前面差评一样，摄像头是歪的，注册会员还是普卡，居然不是金卡，不知道是不是别人退货的，被别人注册了，客服也联系不上。还不如我以前买的荣耀
2018-04-15 09:47:24,来自京东Android客户端,金牌会员,标准版,宝石蓝,6GB+64GB,手机非常好，但是我一台应该有点问题，音响孔只有一个有声音，而且相机那里有一道裂缝，咨询了客服没有回复，我希望可以换货
2018-04-14 18:27:44,来自京东Android客户端,钻石会员,标准版,宝石蓝,6GB+64GB,说好999预订碎屏险呢？不不止我一个人看到吧？ 说没有就没有？ 差评不解释
2018-04-14 10:45:29,来自京东iPhone客户端,PLUS会员,标准版,宝石蓝,6GB+64GB,华为质检太垃圾了，后壳玻璃开箱就是带裂痕的，还有几道明显划痕，还卖这么贵
2018-04-14 09:35:10,来自京东Android客户端,金牌会员,标准版,香槟金,6GB+64GB,好多应用不能卸载，相机没荣耀7的好，只是支持国产
2018-04-14 08:10:42,来自京东iPhone客户端,金牌会员,标准版,亮黑色,6GB+64GB,第一预付的999凭什么我不付尾款你就不退。第二昨天的差评哪去了 开始没发现也是看品论才知道 摄像头下面那个不同心 我估计是加工偏差 很明显 别和我说？戴手机套是偏的 我就干制造业做手机前期设备的 屏幕下部分发黄不知道啥原因。 显示效果真一般。哎 希望国货当志强。 别天天和你们余大爷样。什么水平还天天发布新产品 不是黑 我家苹果换掉的全是华为。哀其不幸怒其不争
2018-04-14 00:09:40,来自京东iPhone客户端,金牌会员,标准版,宝石蓝,6GB+64GB,摄像头太歪了，偏一点也就算了，偏这么多这做工也太糙了点，当初p9就是阴阳屏换了两次，麻烦死了，这次实在不想换了，哎
2018-04-13 21:36:56,来自京东Android客户端,PLUS会员,标准版,宝石蓝,6GB+64GB,除了拍照外，一无是处
2018-04-13 20:28:31,来自京东iPhone客户端,金牌会员,标准版,宝石蓝,6GB+64GB,"其他还好两个缺点不好
屏幕阴阳屏严重！特别严重！上面白下面黄！
语音助手不够人性化！"
2018-04-13 19:15:27,来自京东Android客户端,钻石会员,标准版,宝石蓝,6GB+64GB,这就是你们说的，一天充一次。我今天都冲两次了，本来一星都不想给，看在下这么大的雨，快递小哥还准时送到，勉强给一星
2018-04-13 16:55:09,来自京东Android客户端,钻石会员,标准版,宝石蓝,6GB+64GB,耳机插进去没有用，还是一直外放音乐，有点失望哦，请问下啷个解决呢?
2018-04-13 14:18:03,来自京东Android客户端,PLUS会员,标准版,亮黑色,6GB+64GB,性价比一般般，跑分就这个水准。比某米贵*，分比人家低7万。系统也没人家优化的好。无奈买不到某米，只能退而求其次了。
2018-04-13 11:07:26,来自京东Android客户端,PLUS会员,标准版,樱粉金,6GB+64GB,手机挺好看的?
